use SQL_CAPESTONE_PROJECT ;

-- dUMMY DATA FOR ECO_SITES ; 
-- Additional Tribal Involvement Sites
INSERT INTO eco_sites (site_name, state_region, key_activites, sustainability_notes, Type) VALUES
('Similipal Tiger Reserve', 'Odisha', 'Jungle safaris, trekking, waterfalls', 'Tribal guides; community-based eco-tourism; forest protection', 'Tribal'),
('Dampa Tiger Reserve', 'Mizoram', 'Wildlife safaris, birding, camping', 'Mizo tribal participation in eco-tourism and patrol activities', 'Tribal'),
('Pakke Tiger Reserve', 'Arunachal Pradesh', 'Nature walks, wildlife spotting, river rafting', 'Nyishi tribal community involved in conservation and guiding', 'Tribal'),
('Nameri National Park', 'Assam', 'River rafting, trekking, birdwatching', 'Local tribes work as guides and forest protection teams', 'Tribal'),
('Satpura National Park', 'Madhya Pradesh', 'Jungle safaris, trekking, canoeing', 'Tribal communities employed as trackers and cultural performers', 'Tribal'),
('Biligiri Rangaswamy Temple Wildlife Sanctuary', 'Karnataka', 'Trekking, wildlife safaris, cultural tours', 'Soliga tribe engaged in sustainable tourism and conservation', 'Tribal'),
('Eturnagaram Wildlife Sanctuary', 'Telangana', 'Trekking, cultural experiences, forest trails', 'Tribal involvement in guiding and traditional art sharing', 'Tribal'),
('Palamau Tiger Reserve', 'Jharkhand', 'Wildlife safaris, forest treks, birding', 'Tribal communities linked to eco-tourism and heritage', 'Tribal'),
('Nokrek National Park', 'Meghalaya', 'Nature walks, birding, cave exploration', 'Garo tribes involved in eco-tourism and traditional storytelling', 'Tribal'),
('Bhimbetka Rock Shelters Eco-tourism Area', 'Madhya Pradesh', 'Heritage tours, cultural walks, eco-trails', 'Tribal guides share rock art history and cultural practices', 'Tribal'),
('Bastar Eco-tourism Circuit', 'Chhattisgarh', 'Craft markets, forest treks, waterfalls, cultural shows', 'Local tribes run craft hubs and forest tourism experiences', 'Tribal'),
('Dandeli Wildlife Sanctuary', 'Karnataka', 'River rafting, safaris, trekking', 'Tribal participation in rafting guides and hospitality', 'Tribal'),
('Tawang Village Ecotourism', 'Arunachal Pradesh', 'Homestays, monastery tours, cultural festivals', 'Monpa tribe hosts visitors and manages eco-homestays', 'Tribal'),
('Mawlynnong Village', 'Meghalaya', 'Clean village tours, root bridge treks, homestays', 'Khasi tribe ensures eco-friendly tourism and cultural engagement', 'Tribal'),
('Kanha Tiger Reserve Buffer Villages', 'Madhya Pradesh', 'Jungle treks, folk performances, safaris', 'Baiga and Gond tribes share eco-tourism responsibilities', 'Tribal');

-- Additional Non-Tribal Involvement Sites
INSERT INTO eco_sites (site_name, state_region, key_activites, sustainability_notes, Type) VALUES
('Gir National Park', 'Gujarat', 'Lion safaris, birdwatching, eco-lodges', 'Government-managed eco-tourism focused on Asiatic Lions', 'Non-Tribal'),
('Sundarbans National Park', 'West Bengal', 'Boat safaris, mangrove tours, birdwatching', 'Mangrove conservation; eco-tourism regulated by forest dept', 'Non-Tribal'),
('Ranthambore National Park', 'Rajasthan', 'Tiger safaris, fort tours, birdwatching', 'Eco-tourism regulated; strong tiger conservation initiatives', 'Non-Tribal'),
('Bandhavgarh National Park', 'Madhya Pradesh', 'Tiger safaris, jeep tours, heritage fort visits', 'Government-managed tiger tourism; conservation-driven', 'Non-Tribal'),
('Bandipur National Park', 'Karnataka', 'Wildlife safaris, trekking, eco-lodges', 'Project Tiger site; eco-tourism regulated by forest dept', 'Non-Tribal'),
('Tadoba Andhari Tiger Reserve', 'Maharashtra', 'Tiger safaris, eco-huts, birding', 'Eco-tourism initiatives led by forest department', 'Non-Tribal'),
('Pench National Park', 'Madhya Pradesh/Maharashtra', 'Wildlife safaris, jungle trails, camping', 'Joint forest dept project; eco-tourism facilities', 'Non-Tribal'),
('Desert National Park', 'Rajasthan', 'Camel safaris, desert camping, birdwatching', 'Fragile desert ecosystem managed by forest authorities', 'Non-Tribal'),
('Anshi National Park (Kali Tiger Reserve)', 'Karnataka', 'Wildlife safaris, river rafting, trekking', 'Government-led tiger reserve eco-tourism', 'Non-Tribal'),
('Silent Valley National Park', 'Kerala', 'Rainforest treks, birding, wildlife viewing', 'UNESCO recognized biodiversity hotspot, government managed', 'Non-Tribal'),
('Great Himalayan National Park', 'Himachal Pradesh', 'High-altitude treks, camping, wildlife viewing', 'UNESCO World Heritage; fragile Himalayan ecosystem', 'Non-Tribal'),
('Neora Valley National Park', 'West Bengal', 'Birding, trekking, wildlife photography', 'Eastern Himalayan biodiversity site, government protected', 'Non-Tribal'),
('Dibru-Saikhowa National Park', 'Assam', 'River cruises, birding, trekking', 'Eco-tourism run under government conservation plan', 'Non-Tribal'),
('Indravati National Park', 'Chhattisgarh', 'Wildlife viewing, trekking, camping', 'Tiger reserve with eco-tourism managed by authorities', 'Non-Tribal'),
('Mudumalai National Park', 'Tamil Nadu', 'Wildlife safaris, elephant camps, trekking', 'Part of Nilgiri Biosphere Reserve; government-managed', 'Non-Tribal');

-- VISIT LOGS HAS 96 RECORDS

-- CONSERVATION AREAS 

INSERT INTO conservation_areas 
(site_id, area_name, protection_level, area_size_km2, biodiversity_notes, type_area, p_level_meaning) VALUES
(1, 'Periyar Tiger Reserve', 'Core Zone', 925.0, 'Known for tigers, elephants, and rich birdlife', 'large area', 'Very Restricted'),
(1, 'Thekkady Buffer Belt', 'Buffer Zone', 480.5, 'Elephants, wild boars, and eco-tourism trekking', 'medium area', 'Limited Entry'),
(2, 'Silent Valley National Park', 'Core Zone', 237.5, 'Endangered lion-tailed macaques, evergreen forests', 'medium area', 'No Human Entry'),
(2, 'Nilgiri Biosphere Extension', 'Buffer Zone', 1350.2, 'Elephants, gaurs, and cultural hamlets', 'Extremely large area', 'Allowed'),
(3, 'Kaziranga Central Range', 'Core Zone', 480.0, 'One-horned rhinoceros and swamp deer', 'large area', 'Very Restricted'),
(3, 'Kaziranga Panbari Reserve', 'Community Zone', 210.3, 'Home to tea tribes, birdwatching sites', 'medium area', 'Under Community'),
(4, 'Gir National Park Core', 'Core Zone', 1412.0, 'Asiatic lions, leopards, and chinkara', 'Extremely large area', 'No Human Entry'),
(4, 'Girnar Hills Buffer', 'Buffer Zone', 720.8, 'Leopards, sloth bears, and pilgrimage routes', 'large area', 'Limited Access'),
(5, 'Sundarbans Tiger Core', 'Core Zone', 1699.5, 'Royal Bengal tigers, estuarine crocodiles', 'Extremely large area', 'Very Restricted'),
(5, 'Sundarbans Community Mangroves', 'Community Zone', 950.4, 'Fishing hamlets, honey collectors, otters', 'large area', 'Under Community'),
(6, 'Bandhavgarh Tala Range', 'Core Zone', 716.9, 'High tiger density, spotted deer', 'large area', 'Very Restricted'),
(6, 'Bandhavgarh Buffer Villages', 'Buffer Zone', 410.2, 'Agricultural villages, eco-tourism camps', 'medium area', 'Allowed'),
(7, 'Nagaland Khonoma Forest', 'Community Reserve', 200.5, 'Hornbills, mithun cattle, Angami tribal council', 'short area', 'Under Community'),
(7, 'Dzukou Valley Alpine Zone', 'Core Zone', 120.0, 'Seasonal lilies, rare orchids, cold grasslands', 'short area', 'No Human Entry'),
(8, 'Kanha Kisli Core', 'Core Zone', 940.3, 'Barasingha, tigers, and dense sal forest', 'large area', 'Very Restricted'),
(8, 'Kanha Buffer Meadows', 'Buffer Zone', 500.8, 'Villages practicing eco-friendly agriculture', 'medium area', 'Limited Access'),
(9, 'Ranthambore Tiger Habitat', 'Core Zone', 1115.4, 'Tigers, leopards, and ancient fort ruins', 'Extremely large area', 'No Human Entry'),
(9, 'Ranthambore Sawai Villages', 'Buffer Zone', 450.7, 'Village grazing lands, eco-tourism safaris', 'medium area', 'Allowed'),
(10, 'Hemis Snow Leopard Reserve', 'Core Zone', 3350.6, 'Snow leopards, blue sheep, alpine terrain', 'Extremely large area', 'Very Restricted'),
(10, 'Hemis Nomadic Grazing Belt', 'Community Zone', 1700.2, 'Nomadic herders, pikas, and Tibetan wolves', 'large area', 'Under Community'),
(11, 'Chilika Lake Bird Sanctuary', 'Community Reserve', 1100.0, 'Migratory flamingos, dolphins, fish breeding', 'Extremely large area', 'Under Community'),
(11, 'Nalabana Core Island', 'Core Zone', 150.2, 'Protected for nesting birds, no fishing allowed', 'short area', 'No Human Entry'),
(12, 'Manas National Park Core', 'Core Zone', 950.0, 'Golden langur, tigers, and pygmy hogs', 'large area', 'Very Restricted'),
(12, 'Manas Buffer Forests', 'Buffer Zone', 720.4, 'Community forestry, elephant corridors', 'medium area', 'Allowed'),
(13, 'Keoladeo Ghana Park', 'Core Zone', 29.0, 'World heritage bird site, Siberian cranes (historic)', 'short area', 'Very Restricted');

-- PART 2
-- TRIBES
INSERT INTO tribes (site_id, tribe_name, population_estimate, roles, Population, no_roles) VALUES
(17, 'Santhal', 42000, 'Farming, folk dance, eco-guides', 'High', 3),
(17, 'Munda', 28000, 'Traditional crafts, drumming, forest protectors', 'High', 3),
(18, 'Mizo', 15000, 'Cultural performers, eco-tourism guides, weavers', 'Medium', 3),
(18, 'Lusei', 8000, 'Farming, handicrafts, birding guides', 'Low', 3),
(19, 'Nyishi', 22000, 'Forest conservation, guiding, cultural music', 'High', 3),
(19, 'Apatani', 11000, 'Wet rice farming, eco-village tourism, weaving', 'Medium', 3),
(20, 'Mishing', 17000, 'River rafting, fishing, handicrafts', 'Medium', 3),
(20, 'Bodo', 24000, 'Cultural dances, weaving, forest guides', 'High', 3),
(21, 'Gond', 35000, 'Folk dances, forest trekking guides, eco-tourism', 'High', 3),
(21, 'Korku', 12000, 'Traditional healers, farming, pottery', 'Medium', 3),
(22, 'Soliga', 7500, 'Honey collection, eco-guiding, cultural songs', 'Low', 3),
(23, 'Koya', 15500, 'Podu farming, drumming, eco-tourism guides', 'Medium', 3),
(23, 'Chenchu', 6800, 'Honey gathering, trekking guides, forest knowledge', 'Low', 3),
(24, 'Birhor', 3500, 'Traditional rope making, hunting (historic), eco-guides', 'Extremely Low', 3),
(24, 'Oraon', 26000, 'Cultural performances, handicrafts, eco-tourism', 'High', 3),
(25, 'Garo', 22000, 'Storytelling, weaving, eco-homestays', 'High', 3),
(25, 'Khasi', 18000, 'Root bridge caretakers, cultural guides, farming', 'Medium', 3),
(26, 'Bonda', 5000, 'Horticulture, weaving, tribal dances', 'Low', 3),
(26, 'Gadaba', 13000, 'Agriculture, folk music, weaving', 'Medium', 3),
(27, 'Koya Dora', 9000, 'Podu farming, traditional dances, craftwork', 'Low', 3),
(27, 'Naga Tangkhul', 8000, 'Weaving, terrace farming, folk dances', 'Low', 3),
(28, 'Bharia', 11000, 'Minor forest produce, pottery, cultural singing', 'Medium', 3),
(28, 'Bhotia', 6500, 'Wool weaving, yak herding, salt trade', 'Low', 3),
(29, 'Monpa', 8500, 'Monastery tourism, traditional dances, guiding', 'Low', 3),
(29, 'Sherdukpen', 4200, 'Eco-homestays, handicrafts, trekking guides', 'Extremely Low', 3),
(30, 'Khasi', 18000, 'Root bridge caretakers, cultural guides, farming', 'Medium', 3),
(30, 'Pnar', 12000, 'Homestay management, weaving, eco-tourism guides', 'Medium', 3),
(31, 'Baiga', 14000, 'Folk dances, forest guides, eco-tourism', 'Medium', 3),
(31, 'Gond', 22000, 'Cultural performances, handicrafts, trekking guides', 'High', 3),
(32, 'None', 0, 'Government-managed eco-tourism, park guides', 'Not Defined', 1),
(33, 'None', 0, 'Government-managed mangrove conservation and eco-guides', 'Not Defined', 1),
(34, 'None', 0, 'Tiger safaris managed by authorities; no tribal involvement', 'Not Defined', 1),
(35, 'None', 0, 'Bandhavgarh tourism managed by forest dept; eco-guides only', 'Not Defined', 1),
(36, 'None', 0, 'Bandipur eco-tourism managed by authorities', 'Not Defined', 1),
(37, 'None', 0, 'Tadoba eco-tourism managed by forest dept', 'Not Defined', 1),
(38, 'None', 0, 'Pench tourism under forest dept management', 'Not Defined', 1),
(39, 'None', 0, 'Desert eco-tourism managed by forest authorities', 'Not Defined', 1),
(40, 'None', 0, 'Anshi tiger reserve eco-tourism; government led', 'Not Defined', 1),
(41, 'Mala Arayan', 5000, 'Forest interpretation, trekking support', 'Low', 2),
(41, 'Muduvar', 4500, 'Tribal trekking guides, honey collection', 'Low', 2),
(42, 'Bhutia', 15000, 'Yak herding, weaving, eco-guides', 'Medium', 3),
(42, 'Lepcha', 8500, 'Shamans, bamboo crafts, forest protection', 'Low', 3),
(43, 'Garo', 21000, 'Forest trekking, cultural storytelling, homestays', 'Medium', 3),
(43, 'Khasi', 18000, 'Cultural guides, eco-homestays, farming', 'Medium', 3),
(44, 'Mishing', 17000, 'River guides, handicrafts, eco-tourism', 'Medium', 3),
(44, 'Bodo', 24000, 'Folk dances, weaving, forest guiding', 'High', 3),
(45, 'Chenchu', 6800, 'Honey gathering, trekking guides, forest knowledge', 'Low', 3),
(45, 'Koya', 15500, 'Podu farming, drumming, eco-tourism guides', 'Medium', 3),
(46, 'Toda', 1800, 'Buffalo herding, embroidery, dairy rituals', 'Extremely Low', 3),
(46, 'Badaga', 12000, 'Farming, weaving, cultural dances', 'Medium', 3);

-- CULTURAL ASSETS
INSERT INTO cultural_assets (tribe_id, asset_type, description, len_asset_type) VALUES
(17, 'Dance', 'Santhal harvest and folk dances', 5),
(18, 'Craft', 'Munda bamboo and cane crafts', 5),
(19, 'Music', 'Mizo folk songs and bamboo flutes', 5),
(20, 'Weaving', 'Lusei handwoven textiles and shawls', 6),
(21, 'Ritual', 'Nyishi river and forest rituals', 6),
(22, 'Craft', 'Apatani traditional weaving and bamboo crafts', 5),
(23, 'Dance', 'Mishing traditional river dances', 5),
(24, 'Art', 'Bodo mural paintings and motifs', 3),
(25, 'Craft', 'Gond handicrafts and bamboo artifacts', 5),
(26, 'Music', 'Korku folk songs with percussion', 5),
(27, 'Weaving', 'Soliga weaving and eco-textiles', 6),
(28, 'Ritual', 'Koya traditional forest rituals', 6),
(29, 'Dance', 'Chenchu harvest and forest dances', 5),
(30, 'Art', 'Birhor tribal symbols and carvings', 3),
(31, 'Craft', 'Oraon pottery and basketry', 5),
(32, 'Music', 'Garo folk songs and drum performances', 5),
(33, 'Dance', 'Khasi root bridge festival dances', 5),
(34, 'Weaving', 'Bonda handwoven garments and jewelry', 6),
(35, 'Ritual', 'Gadaba forest protection ceremonies', 6),
(36, 'Craft', 'Koya Dora eco-friendly crafts', 5),
(37, 'Art', 'Naga Tangkhul traditional murals', 3),
(38, 'Dance', 'Bharia folk dances with local instruments', 5),
(39, 'Music', 'Bhotia mountain flute and singing traditions', 5),
(40, 'Craft', 'Monpa woven baskets and mats', 5),
(41, 'Art', 'Sherdukpen wooden carvings and ritual masks', 3),
(42, 'Dance', 'Khasi Pnar ceremonial dances', 5),
(43, 'Ritual', 'Baiga forest worship and drum ceremonies', 6),
(44, 'Craft', 'Gond beadwork and weaving', 5),
(45, 'Dance', 'Bodo Bwisagu festival dances', 5),
(46, 'Music', 'Toda ceremonial songs and chants', 5),
(47, 'Weaving', 'Badaga handwoven textiles and embroidery', 6);

-- TRADITIONAL KNOWLEDGE

INSERT INTO traditional_knowledge (tribe_id, practice_name, eco_benefit, len_practice_name, len_eco_benefit) VALUES
(17, 'Forest-based honey collection', 'Supports local pollinators, preserves forest flora', 28, 50),
(18, 'Sacred grove conservation', 'Maintains biodiversity and groundwater recharge', 21, 48),
(19, 'Shifting slash-and-burn cultivation', 'Keeps soil fertile and prevents monoculture', 31, 49),
(20, 'Herbal medicine gathering', 'Protects native plants and promotes natural remedies', 26, 55),
(21, 'Terrace paddy farming', 'Conserves soil, water, and prevents erosion', 22, 48),
(22, 'River fishing with traditional methods', 'Maintains aquatic biodiversity', 32, 39),
(23, 'Bamboo harvesting rotation', 'Sustainable timber source without deforestation', 27, 46),
(24, 'Agroforestry integration', 'Enhances soil fertility and wildlife habitat', 24, 46),
(25, 'Medicinal plant nurseries', 'Preserves rare species and supports ecosystem health', 27, 53),
(26, 'Community forest patrols', 'Prevents over-extraction and poaching', 27, 48),
(27, 'Shifting cultivation with natural fallow', 'Sustains soil nutrients and biodiversity', 36, 52),
(28, 'Riverbank restoration', 'Prevents erosion and improves aquatic ecosystems', 27, 49),
(29, 'Traditional beekeeping', 'Supports pollination and provides renewable livelihood', 24, 53),
(30, 'Root bridge conservation', 'Protects water flow and strengthens soil', 26, 44),
(31, 'Folk rice cultivation', 'Maintains wetland ecosystems and biodiversity', 22, 48),
(32, 'Handicraft using fallen bamboo', 'Reduces deforestation, supports livelihoods', 28, 50),
(33, 'Forest fruit collection rotation', 'Prevents overharvesting and supports wildlife', 29, 47),
(34, 'Shifting maize cultivation', 'Maintains soil fertility naturally', 26, 38),
(35, 'Wild herb gardens', 'Conserves local medicinal plants', 21, 39),
(36, 'Sustainable fishing practices', 'Preserves aquatic biodiversity', 28, 40),
(37, 'Snow leopard habitat monitoring', 'Supports apex predator conservation', 31, 45),
(38, 'Bamboo craft workshops', 'Reduces logging and promotes eco-friendly economy', 28, 53),
(39, 'High-altitude pastoralism', 'Supports grassland regeneration and soil stability', 28, 55),
(40, 'River fish traps rotation', 'Maintains fish populations', 27, 36),
(41, 'Sacred forest rituals', 'Protects key forest patches', 23, 35),
(42, 'Traditional rice-fish integration', 'Enhances soil and aquatic biodiversity', 31, 51),
(43, 'Shifting millet cultivation', 'Maintains soil fertility and ecosystem balance', 28, 52),
(44, 'Elephant trail maintenance', 'Prevents soil erosion and preserves wildlife corridors', 32, 60),
(45, 'Wild honey gathering', 'Sustainable livelihood, supports pollination', 22, 44),
(46, 'Highland medicinal plant collection', 'Protects endemic flora', 31, 37),
(47, 'Eco-textile dyeing', 'Uses natural dyes to prevent water pollution', 22, 48);

INSERT INTO local_artisians (tribe_id, name, craft_type, notes, GENDER) VALUES
(17, 'Ratan Santhal', 'Bamboo basket weaving', 'Creates traditional baskets for local use and sale', 'M'),
(18, 'Lalita Munda', 'Cane furniture', 'Weaves chairs and stools using sustainable cane', 'F'),
(19, 'Zoram Mizo', 'Traditional weaving', 'Produces Lusei shawls and handwoven fabrics', 'M'),
(20, 'Lalchand Lusei', 'Herbal medicine preparation', 'Prepares herbal remedies using local plants', 'M'),
(21, 'Taba Nyishi', 'Handmade jewelry', 'Crafts necklaces and ornaments from seeds and beads', 'F'),
(22, 'Apana Apatani', 'Cane mats', 'Weaves floor mats using traditional cane techniques', 'F'),
(23, 'Ritu Mishing', 'Wood carving', 'Carves figurines and tools from local timber', 'F'),
(24, 'Bodo Bodo', 'Weaving', 'Produces traditional Bodo handwoven textiles', 'M'),
(25, 'Gond Prakash', 'Beadwork', 'Creates decorative bead necklaces and bracelets', 'M'),
(26, 'Korku Ramesh', 'Basket weaving', 'Traditional baskets for grain storage and sale', 'M'),
(27, 'Soliga Raju', 'Textile dyeing', 'Uses natural dyes for eco-friendly fabrics', 'F'),
(28, 'Koya Meera', 'Bamboo crafts', 'Produces eco-friendly utensils and household items', 'F'),
(29, 'Chenchu Ravi', 'Wooden carvings', 'Forest-inspired ritual and decorative carvings', 'M'),
(30, 'Birhor Lila', 'Pottery', 'Makes clay pots and earthenware using traditional methods', 'F'),
(31, 'Oraon Deepak', 'Bead and jewelry work', 'Crafts traditional tribal ornaments', 'M'),
(32, 'Garo Rina', 'Textile weaving', 'Produces handloom garments and shawls', 'F'),
(33, 'Khasi Pema', 'Wood carving', 'Carves ceremonial and decorative items from wood', 'F'),
(34, 'Bonda Chandra', 'Handloom weaving', 'Traditional clothing and textiles', 'M'),
(35, 'Gadaba Sita', 'Herbal crafts', 'Prepares medicinal and ritual herbal items', 'F'),
(36, 'Koya Ravi', 'Basketry', 'Weaves baskets from forest bamboo and palm', 'M'),
(37, 'Tangkhul Neitho', 'Wooden masks', 'Creates traditional ceremonial masks', 'M'),
(38, 'Bharia Meera', 'Handloom', 'Produces small decorative fabrics for households', 'F'),
(39, 'Bhotia Tenzin', 'Wool weaving', 'High-altitude wool garments and blankets', 'M'),
(40, 'Monpa Lhamo', 'Paper crafts', 'Uses local leaves and bark to make eco-friendly paper', 'F'),
(41, 'Sherdukpen Dorjee', 'Wooden carving', 'Crafts ritual and cultural items', 'M'),
(42, 'Khasi Pynshai', 'Textile weaving', 'Creates ceremonial handloom fabrics', 'F'),
(43, 'Baiga Radha', 'Bead ornaments', 'Traditional jewelry for festivals', 'F'),
(44, 'Gond Raju', 'Tribal paintings', 'Nature-inspired mural paintings', 'M'),
(45, 'Bodo Tika', 'Dance costumes', 'Handmade garments for traditional dances', 'F'),
(46, 'Toda Lalu', 'Wooden furniture', 'Crafts benches and ceremonial stools', 'M'),
(47, 'Badaga Shyam', 'Textile dyeing', 'Natural dyed garments for eco-markets', 'F');

-- PART 3

INSERT INTO cultural_workshops (site_id, workshop_name, description, target_audience, workshop_type) VALUES
(17, 'Santhal Folk Dance Workshop', 'Live Santhal tribal dance and drum workshop', 'Tourists', 'Dance'),
(18, 'Mizo Bamboo Craft Demo', 'Bamboo weaving and crafting techniques by Mizo artisans', 'School Students', 'Craft'),
(19, 'Nyishi Mask Painting', 'Hands-on mask painting inspired by Nyishi traditions', 'Young Visitors', 'Painting'),
(20, 'Lusei Herbal Medicine Demo', 'Local Lusei herbal remedies demonstration', 'Tourists', 'Medicine'),
(21, 'Bodo Traditional Weaving', 'Interactive session on Bodo textile weaving', 'Local Youth', 'Weaving'),
(22, 'Apatani Pottery Workshop', 'Pottery making using traditional Apatani methods', 'Students', 'Pottery'),
(23, 'Mishing Folk Song Session', 'Tribal songs & storytelling demo', 'Tourists', 'Singing'),
(24, 'Bodo Basket Craft', 'Basket weaving by local artisans', 'Visitors', 'Craft'),
(25, 'Gond Painting Demo', 'Gond tribal mural painting on canvas', 'School Students', 'Painting'),
(26, 'Korku Tribal Jewelry', 'Bead jewelry making demonstration', 'Local Youth', 'Jewelry'),
(27, 'Soliga Dance & Song', 'Soliga tribal folk dance and songs', 'Tourists', 'Dance'),
(28, 'Koya Handloom Weaving', 'Traditional Koya handloom techniques', 'Visitors', 'Weaving'),
(29, 'Chenchu Forest Craft', 'Forest-inspired crafts & ornaments', 'School Children', 'Craft'),
(30, 'Birhor Pottery Camp', 'Hands-on pottery session by Birhor artisans', 'Students', 'Pottery'),
(31, 'Oraon Bead Work', 'Bead jewelry making workshop', 'Tourists', 'Jewelry'),
(32, 'Garo Weaving Demo', 'Garo tribal textile weaving demonstration', 'Young Adults', 'Weaving'),
(33, 'Khasi Wood Carving', 'Traditional wood carving workshop', 'Visitors', 'Craft'),
(34, 'Bonda Folk Painting', 'Interactive Bonda painting session', 'School Students', 'Painting'),
(35, 'Gadaba Herbal Medicine', 'Medicinal herb preparation demo', 'Local Youth', 'Medicine'),
(36, 'Koya Bamboo Basket Workshop', 'Basket weaving using bamboo', 'Tourists', 'Craft'),
(37, 'Tangkhul Wooden Mask Workshop', 'Traditional ceremonial mask making', 'Tourists', 'Craft'),
(38, 'Bharia Textile Dyeing', 'Natural dyeing techniques by Bharia tribe', 'Young Adults', 'Weaving'),
(39, 'Bhotia Wool Weaving', 'Wool weaving demo in high-altitude region', 'Tourists', 'Weaving'),
(40, 'Monpa Paper Craft', 'Eco-friendly paper making using local leaves', 'Students', 'Craft'),
(41, 'Sherdukpen Wooden Carving', 'Carving ritual & cultural items', 'Tourists', 'Craft'),
(42, 'Khasi Textile Weaving', 'Ceremonial handloom weaving demo', 'School Children', 'Weaving'),
(43, 'Baiga Bead Jewelry', 'Festival jewelry making session', 'Local Youth', 'Jewelry'),
(44, 'Gond Tribal Paintings', 'Nature-inspired mural painting', 'Tourists', 'Painting'),
(45, 'Bodo Dance Costumes Workshop', 'Handmade tribal dance costumes', 'Students', 'Weaving'),
(46, 'Toda Wooden Furniture Workshop', 'Wood furniture making demo', 'Tourists', 'Craft');


INSERT INTO eco_guides (site_id, guide_program, description, target_audience, language_supported, rating, max_group_size, duration_hours) VALUES
(17, 'Santhal Nature Guides', 'Guided forest treks with Santhal youth', 'Tourists', 'Santhali,English', 4.5, 15, 4.0),
(18, 'Mizo Forest Eco-Guides', 'Birding & plant ID guided by Mizo youth', 'Tourists', 'Mizo,English', 4.3, 15, 3.5),
(19, 'Nyishi Cultural Guides', 'Nyishi tribe guides sharing mask & rituals', 'Visitors', 'Nyishi,English', 4.2, 12, 3.0),
(20, 'Lusei Herbal Guides', 'Guided herbal walks & medicine demo', 'Tourists', 'Lusei,English', 4.4, 10, 2.5),
(21, 'Bodo Eco-Guides', 'Guided textile & craft tours by local youth', 'School Students', 'Bodo,English', 4.6, 20, 4.0),
(22, 'Apatani Pottery & Forest Guides', 'Pottery & forest eco-tour', 'Visitors', 'Apatani,English', 4.5, 12, 3.0),
(23, 'Mishing Cultural Guides', 'Traditional songs & eco-heritage tours', 'Tourists', 'Mishing,Assamese,English', 4.2, 15, 3.5),
(24, 'Bodo Forest Walks', 'Forest biodiversity & craft demo tours', 'Visitors', 'Bodo,English', 4.3, 15, 3.0),
(25, 'Gond Eco-Leaders', 'Painting & craft interpretation walks', 'Tourists', 'Gond,English', 4.4, 20, 4.0),
(26, 'Korku Village Guides', 'Guided village walks with jewelry making', 'Tourists', 'Korku,English', 4.1, 15, 3.0),
(27, 'Soliga Cultural Guides', 'Dance & song performance guided tours', 'Visitors', 'Soliga,English', 4.0, 12, 3.0),
(28, 'Koya Handloom Guides', 'Textile weaving tours by Koya youth', 'Tourists', 'Koya,English', 4.3, 15, 3.5),
(29, 'Chenchu Forest Guides', 'Forest crafts and eco-tour', 'Tourists', 'Chenchu,English', 4.2, 12, 2.5),
(30, 'Birhor Pottery Guides', 'Pottery making and eco-trails', 'Students', 'Birhor,English', 4.1, 10, 2.0),
(31, 'Oraon Bead Guides', 'Jewelry making and village walk', 'Tourists', 'Oraon,English', 4.3, 15, 3.0),
(32, 'Garo Weaving Guides', 'Textile demo guided by youth', 'Visitors', 'Garo,English', 4.2, 15, 3.5),
(33, 'Khasi Wood Guides', 'Wood carving & forest trail guidance', 'Tourists', 'Khasi,English', 4.0, 12, 3.0),
(34, 'Bonda Painting Guides', 'Folk painting demo with eco-storytelling', 'School Students', 'Bonda,English', 4.1, 15, 3.0),
(35, 'Gadaba Herbal Guides', 'Medicinal herb tours', 'Local Youth', 'Gadaba,English', 4.2, 10, 2.5),
(36, 'Koya Bamboo Guides', 'Bamboo craft & forest eco-tour', 'Tourists', 'Koya,English', 4.3, 15, 3.0),
(37, 'Tangkhul Mask Guides', 'Traditional mask & village tour', 'Tourists', 'Tangkhul,English', 4.1, 12, 2.5),
(38, 'Bharia Textile Guides', 'Dyeing & weaving workshops guided', 'Young Adults', 'Bharia,English', 4.2, 15, 3.0),
(39, 'Bhotia Wool Guides', 'High-altitude wool weaving & trek', 'Tourists', 'Bhotia,English', 4.3, 10, 2.5),
(40, 'Monpa Paper Guides', 'Eco-paper making demonstration tour', 'Students', 'Monpa,English', 4.1, 12, 3.0),
(41, 'Sherdukpen Carving Guides', 'Wood carving & forest interpretation', 'Tourists', 'Sherdukpen,English', 4.2, 15, 3.5),
(42, 'Khasi Textile Guides', 'Handloom weaving & eco-tour', 'School Students', 'Khasi,English', 4.3, 12, 3.0),
(43, 'Baiga Bead Guides', 'Festival jewelry & eco-tour', 'Local Youth', 'Baiga,English', 4.1, 15, 3.0),
(44, 'Gond Painting Guides', 'Mural painting & village tour', 'Tourists', 'Gond,English', 4.2, 15, 3.5),
(45, 'Bodo Dance Costume Guides', 'Dance costume & cultural tour', 'Students', 'Bodo,English', 4.1, 15, 3.0),
(46, 'Toda Furniture Guides', 'Wood furniture & village eco-tour', 'Tourists', 'Toda,English', 4.2, 12, 3.0);


INSERT INTO youth_awareness_programs (site_id, program_name, description, target_group, program_type, age_group, season, feedback_rating, volunteer_involvement) VALUES
(25, 'Gond Eco-Youth Camp', 'Youth workshops on painting & forest conservation', 'Village Youth', 'Workshop', '15-25', 'Summer', 4.3, TRUE),
(26, 'Korku Herbal Awareness Drive', 'Youth campaign for medicinal herb conservation', 'School Students', 'Awareness', '6-18', 'Spring', 4.2, TRUE),
(27, 'Soliga Forest Challenge', 'Youth clean forest trails and monitor wildlife', 'Village Youth', 'Competition', '15-25', 'Monsoon', 4.1, TRUE),
(28, 'Koya Bamboo Craft Fair', 'Exhibition & competition of bamboo crafts', 'College Students', 'Event', '18-22', 'Summer', 4.4, TRUE),
(29, 'Chenchu Eco Rangers', 'Interactive forest & biodiversity learning for youth', 'High School Students', 'Workshop', '14-18', 'Summer', 4.2, TRUE),
(30, 'Birhor Pottery Club', 'Hands-on pottery and eco-awareness club', 'Primary Students', 'Workshop', '6-12', 'Summer', 4.1, FALSE),
(31, 'Oraon River Cleanup Challenge', 'Youth remove plastic and monitor river health', 'Village Youth', 'Competition', '15-25', 'Monsoon', 4.3, TRUE),
(32, 'Garo Textile Workshop', 'Youth weaving & eco-awareness workshops', 'School Students', 'Workshop', '6-18', 'Summer', 4.2, TRUE),
(33, 'Khasi Wood Carving Camp', 'Camp teaching wood carving & forest ecology', 'Young Adults', 'Workshop', '18-30', 'Summer', 4.1, TRUE),
(34, 'Bonda Folk Art Club', 'Youth learn Bonda painting & crafts', 'School Students', 'Workshop', '6-18', 'Summer', 4.0, FALSE),
(35, 'Gadaba Herbal Planting', 'Youth plant and monitor medicinal herbs', 'Local Youth', 'Workshop', '15-25', 'Spring', 4.2, TRUE),
(36, 'Koya Basket Challenge', 'Basket weaving competition for youth', 'Local Youth', 'Competition', '15-25', 'Summer', 4.3, TRUE),
(37, 'Tangkhul Mask Painting Club', 'Youth paint ceremonial masks', 'School Students', 'Workshop', '6-18', 'Summer', 4.1, FALSE),
(38, 'Bharia Textile Eco-Fair', 'Youth organize eco-fair & weaving demo', 'College Students', 'Event', '18-22', 'Summer', 4.4, TRUE),
(39, 'Bhotia Wool Awareness Drive', 'Youth campaign on wool traditions & eco-practices', 'School Students', 'Awareness', '6-18', 'Winter', 4.2, TRUE),
(40, 'Monpa Paper Craft Club', 'Eco-paper making & sustainability awareness', 'Primary Students', 'Workshop', '6-12', 'Summer', 4.1, FALSE);


INSERT INTO public_education_events (site_id, event_name, description, audience, season, age_group, max_participants, feedback_rating, event_type) VALUES
(25, 'Gond Village Clean-Up', 'Community event for cleaning village & educating public', 'All Ages', 'Monsoon', 'All Ages', 150, 4.3, 'Awareness'),
(26, 'Korku Herbal Festival', 'Exhibition & workshops on medicinal herbs', 'All Ages', 'Spring', 'All Ages', 100, 4.2, 'Festival'),
(27, 'Soliga Forest Eco-Day', 'Forest trails & environmental awareness talks', 'All Ages', 'Summer', 'All Ages', 120, 4.1, 'Awareness'),
(28, 'Koya Bamboo Expo', 'Craft exhibition of bamboo products & workshops', 'All Ages', 'Summer', 'All Ages', 200, 4.4, 'Festival'),
(29, 'Chenchu Eco-Workshop', 'Public hands-on learning of forest crafts', 'All Ages', 'Summer', 'All Ages', 80, 4.2, 'Workshop'),
(30, 'Birhor Pottery Fair', 'Showcasing pottery & eco-friendly practices', 'All Ages', 'Summer', 'All Ages', 150, 4.3, 'Festival'),
(31, 'Oraon River Awareness Day', 'Clean river campaign & eco-education', 'All Ages', 'Monsoon', 'All Ages', 100, 4.1, 'Awareness'),
(32, 'Garo Textile Fair', 'Exhibition of weaving & sustainable textiles', 'All Ages', 'Summer', 'All Ages', 200, 4.4, 'Festival'),
(33, 'Khasi Wood Festival', 'Wood carving demos & public workshops', 'All Ages', 'Summer', 'All Ages', 120, 4.2, 'Festival'),
(34, 'Bonda Folk Art Day', 'Painting & folk art demos for public awareness', 'All Ages', 'Summer', 'All Ages', 80, 4.0, 'Workshop'),
(35, 'Gadaba Herbal Day', 'Herbal medicine demo & forest awareness', 'All Ages', 'Spring', 'All Ages', 100, 4.1, 'Workshop'),
(36, 'Koya Basket Fair', 'Basket weaving exhibitions & community education', 'All Ages', 'Summer', 'All Ages', 150, 4.3, 'Festival'),
(37, 'Tangkhul Mask Festival', 'Mask-making expo & cultural education', 'All Ages', 'Summer', 'All Ages', 100, 4.2, 'Festival'),
(38, 'Bharia Textile Day', 'Weaving demonstrations & eco-awareness', 'All Ages', 'Summer', 'All Ages', 120, 4.3, 'Festival'),
(39, 'Bhotia Wool Expo', 'Showcasing wool weaving & mountain ecology', 'All Ages', 'Winter', 'All Ages', 100, 4.2, 'Festival'),
(40, 'Monpa Paper Workshop', 'Public workshop on eco-paper making', 'All Ages', 'Summer', 'All Ages', 80, 4.1, 'Workshop');

-- PART 4

-- 20 for eco_lodges
-- Additional Dummy Data for package_types
INSERT INTO package_types (package_name, duration_days, price, highlights) VALUES
('Mizoram Cultural Immersion', 4, 12000.00, '4-day package with cultural shows, village visits, and tribal food.'),
('Arunachal Birding Trail', 6, 18000.00, '6-day birdwatching trip with expert guides and homestays.'),
('Satpura Wildlife & Culture', 5, 15500.00, '5-day safari and cultural package with tribal performances.'),
('Soliga Forest Trek', 3, 9000.00, '3-day guided forest trek focused on medicinal plants and tribal life.'),
('Telangana Tribal Tour', 4, 11000.00, '4-day cultural and forest tour led by local tribal guides.'),
('Dandeli Adventure', 2, 7500.00, '2-day river rafting and trekking package.'),
('Bastar Arts & Crafts', 3, 8500.00, '3-day workshop focused on local tribal arts and crafts.'),
('Meghalaya Village Life', 4, 10500.00, '4-day living root bridge trek and clean village homestay.');
INSERT INTO package_types (package_name, duration_days, price, highlights) VALUES
('Odisha Tribal Homestay', 3, 8500.00, '3-day stay in a tribal village with cultural immersion and local cuisine.'),
('Jharkhand Heritage Trail', 5, 13500.00, '5-day tour of local tribal heritage sites and forest treks.'),
('Khasi Root Bridge Trek', 4, 11000.00, '4-day trek to living root bridges, with local guides and eco-friendly homestays.'),
('Gujarat Wildlife Safari', 2, 9000.00, '2-day safari package focusing on the Asiatic lion, with expert naturalists.'),
('Assam River Camping', 3, 7500.00, '3-day camping and river cruise package with a focus on birding and local life.'),
('Himachal High-Altitude Trek', 7, 25000.00, '7-day challenging trek in the Great Himalayan National Park with camping.'),
('Karnataka Eco-Discovery', 4, 12500.00, '4-day package with wildlife safaris, river rafting, and guided forest tours.'),
('Rajasthan Desert Adventure', 3, 10000.00, '3-day camel safari and camping trip in the Thar Desert.');

-- booking history

INSERT INTO booking_history
(visitor_name, site_id, lodge_id, package_id, checkin_date, checkout_date, num_guests, total_amount, booking_status, payment_status, booking_source, special_requests, feedback_received)
VALUES
('Amit Sharma', 17, 17, 1, '2025-09-15', '2025-09-18', 2, 7000.00, 'Confirmed', 'Paid', 'Online', 'Vegetarian meals', 1),
('Priya Verma', 18, 18, 2, '2025-09-20', '2025-09-23', 4, 11200.00, 'Pending', 'Unpaid', 'Travel Agent', 'Late check-in', 0),
('Rohit Singh', 19, 19, 1, '2025-10-01', '2025-10-05', 3, 7500.00, 'Cancelled', 'Refunded', 'Online', NULL, 0),
('Neha Gupta', 20, 20, 3, '2025-09-25', '2025-09-28', 2, 30000.00, 'Confirmed', 'Paid', 'Direct', 'Extra pillows', 1),
('Vikram Patil', 21, 21, 2, '2025-10-10', '2025-10-12', 1, 1500.00, 'Confirmed', 'Paid', 'Online', NULL, 0),
('Anjali Rao', 22, 22, 3, '2025-10-15', '2025-10-20', 5, 9000.00, 'Pending', 'Unpaid', 'Travel Agent', 'Near pool', 0),
('Suresh Kumar', 23, 23, 1, '2025-11-01', '2025-11-04', 2, 4400.00, 'Confirmed', 'Paid', 'Online', NULL, 1),
('Meera Joshi', 24, 24, 2, '2025-11-05', '2025-11-08', 3, 9600.00, 'Cancelled', 'Refunded', 'Direct', 'Sea view room', 0),
('Rajesh Nair', 25, 25, 3, '2025-11-10', '2025-11-14', 4, 12800.00, 'Confirmed', 'Paid', 'Online', 'No smoking room', 1),
('Kiran Deshmukh', 26, 26, 1, '2025-09-18', '2025-09-21', 2, 3600.00, 'Confirmed', 'Paid', 'Online', 'High floor', 1),
('Sonal Mehta', 27, 27, 2, '2025-09-22', '2025-09-25', 3, 5400.00, 'Pending', 'Unpaid', 'Travel Agent', 'Extra bed', 0),
('Manoj Yadav', 28, 28, 3, '2025-10-02', '2025-10-06', 4, 10000.00, 'Confirmed', 'Paid', 'Online', NULL, 1),
('Ritika Kapoor', 29, 29, 1, '2025-10-07', '2025-10-11', 2, 5000.00, 'Cancelled', 'Refunded', 'Direct', 'Vegetarian meals', 0),
('Harsh Patel', 30, 30, 2, '2025-10-12', '2025-10-15', 3, 7800.00, 'Confirmed', 'Paid', 'Online', 'Late checkout', 1),
('Anita Singh', 31, 31, 3, '2025-10-17', '2025-10-20', 5, 12500.00, 'Pending', 'Unpaid', 'Travel Agent', 'Near pool', 0),
('Vikas Reddy', 32, 32, 1, '2025-11-03', '2025-11-07', 2, 5200.00, 'Confirmed', 'Paid', 'Online', 'Extra pillows', 1),
('Pooja Sharma', 33, 33, 2, '2025-11-08', '2025-11-12', 3, 7800.00, 'Cancelled', 'Refunded', 'Direct', 'Sea view', 0),
('Rahul Jain', 34, 34, 3, '2025-11-13', '2025-11-17', 4, 10400.00, 'Confirmed', 'Paid', 'Online', NULL, 1),
('Sanya Kapoor', 35, 35, 1, '2025-09-19', '2025-09-22', 1, 1700.00, 'Confirmed', 'Paid', 'Online', 'Near garden', 1),
('Deepak Chawla', 36, 36, 2, '2025-09-23', '2025-09-26', 2, 3600.00, 'Pending', 'Unpaid', 'Travel Agent', 'Late check-in', 0),
('Rashmi Verma', 37, 37, 3, '2025-10-03', '2025-10-06', 3, 6600.00, 'Confirmed', 'Paid', 'Direct', NULL, 1),
('Kunal Mehta', 38, 38, 1, '2025-10-08', '2025-10-12', 4, 10400.00, 'Cancelled', 'Refunded', 'Online', 'Extra bed', 0),
('Swati Joshi', 39, 39, 2, '2025-10-13', '2025-10-16', 2, 3400.00, 'Confirmed', 'Paid', 'Direct', 'Sea view room', 1),
('Aditya Rao', 40, 40, 3, '2025-10-18', '2025-10-22', 5, 12500.00, 'Pending', 'Unpaid', 'Online', 'Near pool', 0);